url,banca,cargo,edicao,ano,grupo_tematico,colocacao,observacao
https://www.youtube.com/watch?v=I6cVn16SZBo,Ministério Público de Minas Gerais,Promotor de Justiça,LX,2024,IV,1,video_1
https://www.youtube.com/watch?v=ehnUXc0E2Fc,Ministério Público de Minas Gerais,Promotor de Justiça,LIX,2023,,2,video_2
https://www.youtube.com/watch?v=cDeeX66Q99E,Ministério Público de Minas Gerais,Promotor de Justiça,LIX,2023,,2,video_3
https://www.youtube.com/watch?v=7OthbaYTH_M,Ministério Público de Minas Gerais,Promotor de Justiça,LIX,2023,IV,1,video_4
https://www.youtube.com/watch?v=XhUvwe5BzBs,Ministério Público de Minas Gerais,Promotor de Justiça,LVIII,2022,III,3,video_5
https://www.youtube.com/watch?v=NBkxKPYMaW0,Ministério Público de Minas Gerais,Promotor de Justiça,LVIII,2022,,1,video_6
https://www.youtube.com/watch?v=W-Kgj1h-ajY,Ministério Público de Minas Gerais,Promotor de Justiça,LVIII,2022,II,1,video_7
https://www.youtube.com/watch?v=9k0Srr5fxz8,Ministério Público de Minas Gerais,Promotor de Justiça,LVIII,2022,III,,video_8
https://www.youtube.com/watch?v=zPtTCPszdHI,Ministério Público de Minas Gerais,Promotor de Justiça,LIX,2023,II,,video_9
https://www.youtube.com/watch?v=DqgW-r990gs,Ministério Público de Minas Gerais,Promotor de Justiça,LX,2024,I,,video_10
